Workbook

Sheet Invulformulier
A1: Last Name | F1: System
A2: First Name | F2: Swiss
A3: FIDE ID Number | F3: Round Robin
A4: Federation | F4: Double Round Robin
A5: Federation of event | B5: BEL | F5: Team (League)
A6: Code of event | F6: Knockout
A7: Name of event | F7: Others
A8: Startdate
A9: Enddate
A10: Venue
A11: System
A12: Number of rounds
A13: Number of players
A14: Number of FIDE Rated players
A15: Number of federations represented
A16: Number of titled players
A17: Time control
A18: Name
A19: Signature
A20: Position
A21: Federation | B21: BEL
A22: Date
A23: Name of the Authenticating Federation official | B23: IA CORNET, Luc (205494)
A24: Position of the Authenticating Federation official | B24: Belgian FIDE Delegate
A25: Signature
A26: Date

Sheet Certificaat
A1: International Arbiter Norm Report Form | J1: IA1
A4: =Invulformulier!A1 -> Last Name | F4: =Invulformulier!A2 -> First Name
A5: =IF(ISBLANK(Invulformulier!$B$1),"",Invulformulier!$B$1) | F5: =IF(ISBLANK(Invulformulier!$B$2),"",Invulformulier!$B$2)
A6: =Invulformulier!A3 -> FIDE ID Number | F6: =Invulformulier!A4 -> Federation
A7: =IF(ISBLANK(Invulformulier!$B$3),"",Invulformulier!$B$3) | F7: =IF(ISBLANK(Invulformulier!$B$4),"",Invulformulier!$B$4)
A8: =Invulformulier!A5 -> Federation of event | D8: =Invulformulier!A6 -> Code of event | F8: =Invulformulier!A7 -> Name of event
A9: =IF(ISBLANK(Invulformulier!$B$5),"",Invulformulier!$B$5) -> BEL | D9: =IF(ISBLANK(Invulformulier!$B$6),"",Invulformulier!$B$6) | E9: =IF(ISBLANK(Invulformulier!$B$7),"",Invulformulier!$B$7)
A10: =Invulformulier!A8 -> Startdate | C10: =Invulformulier!A9 -> Enddate | F10: =Invulformulier!A10 -> Venue
A11: =IF(ISBLANK(Invulformulier!$B$8),"",Invulformulier!$B$8) | C11: =IF(ISBLANK(Invulformulier!$B$9),"",Invulformulier!$B$9) | F11: =IF(ISBLANK(Invulformulier!$B$10),"",Invulformulier!$B$10)
A12: =Invulformulier!A11 -> System | F12: =Invulformulier!A12 -> Number of rounds
A13: =IF(ISBLANK(Invulformulier!$B$11),"",Invulformulier!$B$11) | F13: =IF(ISBLANK(Invulformulier!$B$12),"",Invulformulier!$B$12)
A14: =Invulformulier!A13 -> Number of players | F14: =Invulformulier!A14 -> Number of FIDE Rated players
A15: =IF(ISBLANK(Invulformulier!$B$13),"",Invulformulier!$B$13) | F15: =IF(ISBLANK(Invulformulier!$B$14),"",Invulformulier!$B$14)
A16: =Invulformulier!A15 -> Number of federations represented | F16: =Invulformulier!A16 -> Number of titled players
A17: =IF(ISBLANK(Invulformulier!$B$15),"",Invulformulier!$B$15) | F17: =IF(ISBLANK(Invulformulier!$B$16),"",Invulformulier!$B$16)
A18: =Invulformulier!A17 -> Time control
A19: =IF(ISBLANK(Invulformulier!$B$17),"",Invulformulier!$B$17)
A21: I hereby confirm that the Arbiter’s performance was of the required standard for a FIDE Arbiter.
A23: =Invulformulier!A18 -> Name | E23: =Invulformulier!A19 -> Signature
A24: =IF(ISBLANK(Invulformulier!$B$18),"",Invulformulier!$B$18)
A25: =Invulformulier!A20 -> Position | E25: =Invulformulier!A21 -> Federation | G25: =Invulformulier!A22 -> Date
A26: =IF(ISBLANK(Invulformulier!$B$20),"",Invulformulier!$B$20) | E26: =IF(ISBLANK(Invulformulier!$B$21),"",Invulformulier!$B$21) -> BEL | G26: =IF(ISBLANK(Invulformulier!$B$22),"",Invulformulier!$B$22)
A27: =Invulformulier!A23 -> Name of the Authenticating Federation official | E27: =Invulformulier!A24 -> Position of the Authenticating Federation official
A28: =IF(ISBLANK(Invulformulier!$B$23),"",Invulformulier!$B$23) -> IA CORNET, Luc (205494) | E28: =IF(ISBLANK(Invulformulier!$B$24),"",Invulformulier!$B$24) -> Belgian FIDE Delegate
A29: =Invulformulier!A25 -> Signature | G29: =Invulformulier!A26 -> Date
G30: =IF(ISBLANK(Invulformulier!$B$26),"",Invulformulier!$B$26)
A32: The organizer is responsible for providing the above certificate to each Arbiter who in
A33: the opinion of the Chief Arbiter has qualified for an International Arbiter norm and who
A34: requests it before the end of the tournament. The Chief Arbiter is responsible for
A35: providing the signed certificate to the organising federation for authentication.
A37: When applying for the IA title, the applicant's federation must attach a copy of any
A38: appeals decisions.
A40: PRIVACY NOTICE: this form contains personal data, please check FIDE Privacy policy at www.fide.com/privacy
